node_id,name
1,Indiana Jones
2,Garfield Breitenberg
3,Jerrod Baumbach
4,Dr. Geraldine Reichel
5,Antoinette Grimes
6,Cristobal Miller
7,Miss Jaquan Block
8,Jameson Stiedemann
9,Ms. Jan Goodwin
10,Rick Trantow
11,Marlene Schmitt
12,Annette Keeling PhD
13,Lenny Douglas
14,Cheyenne Connelly
15,Reggie Leffler
16,Natalie Stiedemann V
17,Miss Winfield Hayes
18,Ms. Kelsi Balistreri
19,Mr. Jonatan Hermann
20,Connor Hessel
21,Lucile Lehner Jr.
22,Maryam Marks
23,Kayley Kemmer
24,Elna Dickens
25,Fern Stracke
26,Nelson Sipes DVM
27,Dustin Schultz
28,Elliot Jast
29,Missouri Bahringer
30,Sid Ortiz
31,Bernhard Thiel
32,Jazmyne Fritsch IV
33,Genevieve Turner
34,Lydia Kub Jr.
35,Daphne Shields
36,Dr. Ahmed Dare
37,Estefania Kunze Sr.
38,Kendra Krajcik
39,Zoe Kunde
40,Jovany Morar II
41,Linwood Lynch
42,Jaylon Schimmel
43,Ms. Herman Stanton
44,Mack Nikolaus
45,Mariano Schoen
46,Mariela Stokes
47,Dr. Trevion Treutel
48,Ada Mitchell
49,Maye Konopelski MD
50,Abagail Leuschke III
51,Jerry Glover
52,Catalina Streich
53,Miss Danny Wintheiser
54,Otilia Lueilwitz II
55,Howell Mills
56,Ms. Connie Bartoletti
57,Barrett Ziemann
58,Mrs. Afton Hoppe
59,Nikki Murphy
60,Mr. Rico Heller
61,Maya Pagac
62,Charlie Wolff
63,Cristal Kulas V
64,Marshall Jerde
65,Natalia Vandervort
66,Trisha Fadel
67,Yazmin Howe
68,Gabriel Nolan
69,Tierra Rice DDS
70,Elsie Sauer
71,Bennie Moore
72,Easton Mills
73,Greyson Rolfson
74,Paolo Schuster
75,Bailey Hodkiewicz
76,Ivah Kunze
77,Prince Rolfson V
78,Raina Thiel
79,Dr. Freda Pacocha
80,Sheldon Koch IV
81,Josiah Koch DDS
82,Keshaun Schulist
83,Vida Walter
84,Euna Stoltenberg
85,Keon Jones
86,Jefferey Schumm
87,Linwood Windler
88,Frank Ebert I
89,Alexandrine Barton
90,Eloise Marquardt
91,Ariane Sawayn
92,Adalberto Monahan
93,Erick Bernhard
94,Halle Kshlerin
95,Margot Gerlach
96,Abdiel Mueller
97,Ms. Cristobal Moen
98,Cesar Monahan
99,Alfonso Mante
100,Jamel Gutkowski
101,Lillian Ziemann
102,Reba Bins
103,Maurice Hermiston
104,Golden Hickle Sr.
105,Kattie Schuppe
106,Omer Hammes
107,Kylie Jacobi
108,Everardo Ankunding III
109,Anya Wyman
110,Eino Hagenes
111,Miss Colby Kozey
112,Domenico Feest
113,Sabrina Parker Sr.
114,Asa Casper
115,Layne Raynor
116,Adam Klocko
117,Miss Araceli Wintheiser
118,Gabe Halvorson
119,Murray Wuckert
120,Imelda Powlowski
121,Weston Harris
122,Clyde King
123,Alec O'Hara
124,Dayne Eichmann
125,Vaughn Hermann
126,Devante Hansen
127,Miss Jaron Treutel
128,Willa Pouros
129,Zoie Schuppe
130,Mrs. Emelia Hirthe
131,Maureen Terry Jr.
132,Berenice Davis
133,Abe Hegmann V
134,Anastacio Nader V
135,Donnie McClure
136,Bernardo Mante
137,Sharon Considine
138,Mr. Julie Rice
139,Jazmyn Rohan
140,Luciano Sawayn
141,Nicole McDermott
142,Schuyler Rippin MD
143,Dr. Vincenzo Orn
144,Lane Huel
145,Pierre O'Hara
146,Miss Jazlyn Lakin
147,Lonnie Will
148,Aubree Lehner Sr.
149,Marcella Windler
150,Roosevelt Torphy DVM
